ArraySize,ResponseP50,ResponseP99,ResponseP999,ResponseP9999,ServerP50,ServerP99,ServerP999,ServerP9999
10000,8246.000000,40758.000000,40758.000000,40758.000000,8.000000,37.000000,37.000000,37.000000
