ArraySize,ResponseP50,ResponseP99,ResponseP999,ResponseP9999,ServerP50,ServerP99,ServerP999,ServerP9999
10000,2665.000000,2944.000000,3848.000000,4581.000000,822.000000,950.000000,959.000000,971.000000
