ArraySize ,ResponseP50 ,ResponseP99 ,ResponseP999 ,ResponseP9999 ,ServerP50  ,ServerP99  ,ServerP999 ,ServerP9999
10000,2569.000000,2816.000000,4280.000000,12102.000000,821.000000,956.000000,973.000000,1303.000000

