ArraySize,ResponseP50,ResponseP99,ResponseP999,ResponseP9999,ServerP50,ServerP99,ServerP999,ServerP9999
100000,4291.000000,10465.000000,30138.000000,30138.000000,2865.000000,5966.000000,7116.000000,7116.000000
