ArraySize,ResponseP50,ResponseP99,ResponseP999,ResponseP9999,ServerP50,ServerP99,ServerP999,ServerP9999
1000000,25949.000000,29180.000000,57736.000000,66067.000000,24340.000000,25219.000000,42798.000000,55010.000000
