ArraySize,ResponseP50,ResponseP99,ResponseP999,ResponseP9999,ServerP50,ServerP99,ServerP999,ServerP9999
1000,1935.000000,2039.000000,2043.000000,2043.000000,124.000000,137.000000,152.000000,152.000000
