ArraySize,ResponseP50,ResponseP99,ResponseP999,ResponseP9999,ServerP50,ServerP99,ServerP999,ServerP9999
1000,1896.000000,2096.000000,3736.000000,7330.000000,120.000000,153.000000,170.000000,317.000000
