ArraySize,ResponseP50,ResponseP99,ResponseP999,ResponseP9999,ServerP50,ServerP99,ServerP999,ServerP9999
50000,4205.000000,5288.000000,6246.000000,11349.000000,2591.000000,3347.000000,4275.000000,4292.000000
