ArraySize,ResponseP50,ResponseP99,ResponseP999,ResponseP9999,ServerP50,ServerP99,ServerP999,ServerP9999
50000,4937.000000,6085.000000,7334.000000,7334.000000,3205.000000,4319.000000,5424.000000,5424.000000
