ArraySize,ResponseP50,ResponseP99,ResponseP999,ResponseP9999,ServerP50,ServerP99,ServerP999,ServerP9999
50000,4302.000000,5212.000000,6538.000000,7979.000000,2662.000000,3102.000000,3947.000000,3976.000000
