ArraySize,ResponseP50,ResponseP99,ResponseP999,ResponseP9999,ServerP50,ServerP99,ServerP999,ServerP9999
10000,9192.000000,40773.000000,40773.000000,40773.000000,9.000000,38.000000,38.000000,38.000000
