ArraySize,ResponseP50,ResponseP99,ResponseP999,ResponseP9999,ServerP50,ServerP99,ServerP999,ServerP9999
100,1820.000000,1943.000000,1949.000000,1949.000000,36.000000,65.000000,68.000000,68.000000
