ArraySize,ResponseP50,ResponseP99,ResponseP999,ResponseP9999,ServerP50,ServerP99,ServerP999,ServerP9999
100,1715.000000,1994.000000,3617.000000,5669.000000,55.000000,74.000000,91.000000,121.000000
