ArraySize,ResponseP50,ResponseP99,ResponseP999,ResponseP9999,ServerP50,ServerP99,ServerP999,ServerP9999
100000,4842.000000,7807.000000,9124.000000,9124.000000,3244.000000,6075.000000,7329.000000,7329.000000
