ArraySize,ResponseP50,ResponseP99,ResponseP999,ResponseP9999,ServerP50,ServerP99,ServerP999,ServerP9999
100000,4363.000000,13127.000000,31091.000000,31091.000000,2650.000000,6737.000000,7355.000000,7355.000000
