ArraySize,ResponseP50,ResponseP99,ResponseP999,ResponseP9999,ServerP50,ServerP99,ServerP999,ServerP9999
100000,5354.000000,9774.000000,9786.000000,9786.000000,3786.000000,8003.000000,8030.000000,8030.000000
