ArraySize,ResponseP50,ResponseP99,ResponseP999,ResponseP9999,ServerP50,ServerP99,ServerP999,ServerP9999
100000,4301.000000,14303.000000,19781.000000,19781.000000,2803.000000,6511.000000,7370.000000,7370.000000
