ArraySize,ResponseP50,ResponseP99,ResponseP999,ResponseP9999,ServerP50,ServerP99,ServerP999,ServerP9999
100000,4498.000000,5418.000000,8299.000000,9145.000000,3016.000000,3432.000000,6726.000000,7358.000000
