ArraySize,ResponseP50,ResponseP99,ResponseP999,ResponseP9999,ServerP50,ServerP99,ServerP999,ServerP9999
100000,4595.000000,8567.000000,9481.000000,9481.000000,3053.000000,6087.000000,7378.000000,7378.000000
