ArraySize,ResponseP50,ResponseP99,ResponseP999,ResponseP9999,ServerP50,ServerP99,ServerP999,ServerP9999
100000,4667.000000,11530.000000,24719.000000,30708.000000,3080.000000,5010.000000,6791.000000,7369.000000
