ArraySize,ResponseP50,ResponseP99,ResponseP999,ResponseP9999,ServerP50,ServerP99,ServerP999,ServerP9999
100000,4137.000000,13303.000000,25585.000000,25585.000000,2734.000000,6432.000000,7346.000000,7346.000000
