ArraySize,ResponseP50,ResponseP99,ResponseP999,ResponseP9999,ServerP50,ServerP99,ServerP999,ServerP9999
100000,4336.000000,25033.000000,34808.000000,38042.000000,2687.000000,3080.000000,5913.000000,6896.000000
