ArraySize,ResponseP50,ResponseP99,ResponseP999,ResponseP9999,ServerP50,ServerP99,ServerP999,ServerP9999
10000,2643.000000,2977.000000,4448.000000,5050.000000,821.000000,951.000000,969.000000,1372.000000
