ArraySize,ResponseP50,ResponseP99,ResponseP999,ResponseP9999,ServerP50,ServerP99,ServerP999,ServerP9999
10000,2632.000000,7618.000000,12967.000000,40999.000000,821.000000,953.000000,990.000000,1000.000000
