ArraySize,ResponseP50,ResponseP99,ResponseP999,ResponseP9999,ServerP50,ServerP99,ServerP999,ServerP9999
10000,2519.000000,2897.000000,4140.000000,5128.000000,821.000000,946.000000,999.000000,2282.000000
