ArraySize,ResponseP50,ResponseP99,ResponseP999,ResponseP9999,ServerP50,ServerP99,ServerP999,ServerP9999
10000,2602.000000,2864.000000,4193.000000,5689.000000,821.000000,961.000000,988.000000,1947.000000
