ArraySize,ResponseP50,ResponseP99,ResponseP999,ResponseP9999,ServerP50,ServerP99,ServerP999,ServerP9999
10000,2690.000000,3422.000000,3656.000000,3656.000000,915.000000,962.000000,963.000000,963.000000
