ArraySize,ResponseP50,ResponseP99,ResponseP999,ResponseP9999,ServerP50,ServerP99,ServerP999,ServerP9999
10000,2595.000000,2954.000000,3185.000000,4740.000000,836.000000,963.000000,981.000000,983.000000
