ArraySize,ResponseP50,ResponseP99,ResponseP999,ResponseP9999,ServerP50,ServerP99,ServerP999,ServerP9999
10000,2599.000000,2838.000000,4308.000000,4983.000000,821.000000,953.000000,974.000000,2259.000000
