ArraySize,ResponseP50,ResponseP99,ResponseP999,ResponseP9999,ServerP50,ServerP99,ServerP999,ServerP9999
10000,2571.000000,2933.000000,4168.000000,8141.000000,823.000000,958.000000,971.000000,973.000000
