ArraySize,ResponseP50,ResponseP99,ResponseP999,ResponseP9999,ServerP50,ServerP99,ServerP999,ServerP9999
10000,2726.000000,3120.000000,3306.000000,3306.000000,914.000000,956.000000,965.000000,965.000000
