ArraySize,ResponseP50,ResponseP99,ResponseP999,ResponseP9999,ServerP50,ServerP99,ServerP999,ServerP9999
10000,2659.000000,2962.000000,3589.000000,3935.000000,829.000000,973.000000,1022.000000,1022.000000
