ArraySize,ResponseP50,ResponseP99,ResponseP999,ResponseP9999,ServerP50,ServerP99,ServerP999,ServerP9999
10000,2595.000000,3159.000000,4497.000000,4958.000000,944.000000,1073.000000,1091.000000,1187.000000
