ArraySize,ResponseP50,ResponseP99,ResponseP999,ResponseP9999,ServerP50,ServerP99,ServerP999,ServerP9999
10000,2708.000000,3236.000000,3573.000000,3573.000000,915.000000,957.000000,979.000000,979.000000
