ArraySize,ResponseP50,ResponseP99,ResponseP999,ResponseP9999,ServerP50,ServerP99,ServerP999,ServerP9999
10000,2817.000000,65893.000000,1147265.000000,1253621.000000,780.000000,974.000000,987.000000,988.000000
