ArraySize,ResponseP50,ResponseP99,ResponseP999,ResponseP9999,ServerP50,ServerP99,ServerP999,ServerP9999
10000,2554.000000,2933.000000,4166.000000,29131.000000,821.000000,952.000000,969.000000,1274.000000
