ArraySize,ResponseP50,ResponseP99,ResponseP999,ResponseP9999,ServerP50,ServerP99,ServerP999,ServerP9999
1000000,26353.000000,42861.000000,48961.000000,48961.000000,24686.000000,41256.000000,47234.000000,47234.000000
