ArraySize,ResponseP50,ResponseP99,ResponseP999,ResponseP9999,ServerP50,ServerP99,ServerP999,ServerP9999
1000000,25941.000000,27048.000000,48327.000000,57199.000000,24340.000000,25180.000000,25983.000000,35733.000000
