ArraySize,ResponseP50,ResponseP99,ResponseP999,ResponseP9999,ServerP50,ServerP99,ServerP999,ServerP9999
1000000,26462.000000,43389.000000,67428.000000,67428.000000,24839.000000,41885.000000,65545.000000,65545.000000
