ArraySize,ResponseP50,ResponseP99,ResponseP999,ResponseP9999,ServerP50,ServerP99,ServerP999,ServerP9999
1000000,26052.000000,27997.000000,54090.000000,62547.000000,24549.000000,26100.000000,27177.000000,41492.000000
