ArraySize,ResponseP50,ResponseP99,ResponseP999,ResponseP9999,ServerP50,ServerP99,ServerP999,ServerP9999
1000000,26173.000000,28179.000000,63601.000000,66046.000000,24605.000000,26459.000000,61805.000000,64224.000000
