ArraySize,ResponseP50,ResponseP99,ResponseP999,ResponseP9999,ServerP50,ServerP99,ServerP999,ServerP9999
100,939.000000,1205.000000,2492.000000,6586.000000,104.000000,147.000000,186.000000,558.000000
