ArraySize,ResponseP50,ResponseP99,ResponseP999,ResponseP9999,ServerP50,ServerP99,ServerP999,ServerP9999
10000,2614.000000,3097.000000,4720.000000,6340.000000,821.000000,934.000000,1061.000000,1737.000000
