ArraySize,ResponseP50,ResponseP99,ResponseP999,ResponseP9999,ServerP50,ServerP99,ServerP999,ServerP9999
10000,3425.000000,6196.000000,6721.000000,6721.000000,2491.000000,5185.000000,5673.000000,5673.000000
