ArraySize,ResponseP50,ResponseP99,ResponseP999,ResponseP9999,ServerP50,ServerP99,ServerP999,ServerP9999
10000,3410.000000,6201.000000,7085.000000,7085.000000,2494.000000,5091.000000,5822.000000,5822.000000
