ArraySize,ResponseP50,ResponseP99,ResponseP999,ResponseP9999,ServerP50,ServerP99,ServerP999,ServerP9999
10000,3432.000000,6302.000000,6534.000000,6534.000000,2480.000000,5244.000000,5543.000000,5543.000000
