ArraySize,ResponseP50,ResponseP99,ResponseP999,ResponseP9999,ServerP50,ServerP99,ServerP999,ServerP9999
10000,3380.000000,7583.000000,7695.000000,8421.000000,2615.000000,6242.000000,6503.000000,7110.000000
