ArraySize,ResponseP50,ResponseP99,ResponseP999,ResponseP9999,ServerP50,ServerP99,ServerP999,ServerP9999
10000,3458.000000,6334.000000,6754.000000,6754.000000,2510.000000,5325.000000,5792.000000,5792.000000
