ArraySize,ResponseP50,ResponseP99,ResponseP999,ResponseP9999,ServerP50,ServerP99,ServerP999,ServerP9999
100,955.000000,1268.000000,2213.000000,6971.000000,118.000000,157.000000,219.000000,608.000000
