ArraySize,ResponseP50,ResponseP99,ResponseP999,ResponseP9999,ServerP50,ServerP99,ServerP999,ServerP9999
10000,3367.000000,6404.000000,6815.000000,6815.000000,2469.000000,5205.000000,5635.000000,5635.000000
