ArraySize,ResponseP50,ResponseP99,ResponseP999,ResponseP9999,ServerP50,ServerP99,ServerP999,ServerP9999
100000,4351.000000,21884.000000,31289.000000,31392.000000,3228.000000,6944.000000,7482.000000,7482.000000
