ArraySize,ResponseP50,ResponseP99,ResponseP999,ResponseP9999,ServerP50,ServerP99,ServerP999,ServerP9999
100000,4196.000000,18909.000000,34554.000000,37895.000000,2692.000000,4925.000000,5825.000000,6864.000000
