ArraySize,ResponseP50,ResponseP99,ResponseP999,ResponseP9999,ServerP50,ServerP99,ServerP999,ServerP9999
100000,4280.000000,11424.000000,24789.000000,24789.000000,2837.000000,6227.000000,6957.000000,6957.000000
