ArraySize,ResponseP50,ResponseP99,ResponseP999,ResponseP9999,ServerP50,ServerP99,ServerP999,ServerP9999
100,392.000000,2442.000000,2582.000000,2582.000000,0.000000,2.000000,2.000000,2.000000
