ArraySize,ResponseP50,ResponseP99,ResponseP999,ResponseP9999,ServerP50,ServerP99,ServerP999,ServerP9999
100,37495.000000,140802.000000,161453.000000,175850.000000,34.000000,133.000000,153.000000,160.000000
