ArraySize,ResponseP50,ResponseP99,ResponseP999,ResponseP9999,ServerP50,ServerP99,ServerP999,ServerP9999
100000,4114.000000,25096.000000,31318.000000,31345.000000,3075.000000,6824.000000,7495.000000,7529.000000
